id,type,status,attempts,error,content_len
1,homonyms,FALLBACK_OK,2,,251
2,homonyms,FALLBACK_OK,2,,167
3,homonyms,FALLBACK_OK,2,,289
4,homonyms,OK,1,,1295
5,homonyms,FALLBACK_OK,2,,244
6,homonyms,FALLBACK_OK,2,,177
7,homonyms,FALLBACK_OK,2,,244
8,homonyms,FALLBACK_OK,2,,254
9,homonyms,FALLBACK_OK,2,,194
10,homonyms,FALLBACK_OK,2,,180
11,homonyms,FALLBACK_OK,2,,140
12,homonyms,FALLBACK_OK,2,,238
13,homonyms,FALLBACK_OK,2,,262
14,homonyms,FALLBACK_OK,2,,102
15,homonyms,FALLBACK_OK,2,,249
16,homonyms,FALLBACK_OK,2,,157
17,homonyms,FALLBACK_OK,2,,130
18,homonyms,OK,1,,1176
19,homonyms,FALLBACK_OK,2,,231
20,homonyms,FALLBACK_OK,2,,188
21,homonyms,FALLBACK_OK,2,,216
22,homonyms,FALLBACK_OK,2,,244
23,homonyms,OK,1,,1043
24,homonyms,FALLBACK_OK,2,,217
25,homonyms,FALLBACK_OK,2,,200
26,contrast_homonyms,FALLBACK_OK,2,,221
27,contrast_homonyms,FALLBACK_EMPTY,2,message.content empty/whitespace,0
28,contrast_homonyms,FALLBACK_OK,2,,162
29,contrast_homonyms,FALLBACK_OK,2,,108
30,contrast_homonyms,FALLBACK_OK,2,,114
31,contrast_homonyms,FALLBACK_OK,2,,111
32,contrast_homonyms,OK,1,,712
33,contrast_homonyms,FALLBACK_OK,2,,230
34,contrast_homonyms,FALLBACK_OK,2,,144
35,contrast_homonyms,FALLBACK_OK,2,,155
36,contrast_homonyms,FALLBACK_OK,2,,104
37,contrast_homonyms,FALLBACK_OK,2,,100
38,contrast_homonyms,FALLBACK_OK,2,,214
39,contrast_homonyms,FALLBACK_OK,2,,382
40,contrast_homonyms,FALLBACK_OK,2,,77
41,contrast_homonyms,FALLBACK_OK,2,,107
42,contrast_homonyms,FALLBACK_OK,2,,237
43,contrast_homonyms,FALLBACK_OK,2,,152
44,contrast_homonyms,FALLBACK_OK,2,,177
45,contrast_homonyms,FALLBACK_OK,2,,112
46,contrast_homonyms,FALLBACK_OK,2,,107
47,contrast_homonyms,FALLBACK_OK,2,,204
48,contrast_homonyms,FALLBACK_OK,2,,245
49,contrast_homonyms,OK,1,,529
50,contrast_homonyms,FALLBACK_OK,2,,114
51,figurative_language,FALLBACK_OK,2,,184
52,figurative_language,OK,1,,1081
53,figurative_language,OK,2,,1049
54,figurative_language,FALLBACK_OK,2,,168
55,figurative_language,FALLBACK_OK,2,,163
56,figurative_language,FALLBACK_OK,2,,231
57,figurative_language,FALLBACK_OK,2,,110
58,figurative_language,FALLBACK_OK,2,,198
59,figurative_language,FALLBACK_OK,2,,207
60,figurative_language,FALLBACK_OK,2,,471
61,figurative_language,FALLBACK_OK,2,,204
62,figurative_language,FALLBACK_OK,2,,198
63,figurative_language,FALLBACK_OK,2,,216
64,figurative_language,FALLBACK_OK,2,,178
65,figurative_language,FALLBACK_OK,2,,189
66,figurative_language,OK,1,,1309
67,figurative_language,FALLBACK_OK,2,,147
68,figurative_language,FALLBACK_OK,2,,195
69,figurative_language,FALLBACK_OK,2,,185
70,figurative_language,FALLBACK_EMPTY,2,message.content empty/whitespace,0
71,figurative_language,FALLBACK_OK,2,,203
72,figurative_language,FALLBACK_OK,2,,190
73,figurative_language,OK,2,,1245
74,figurative_language,FALLBACK_OK,2,,207
75,figurative_language,FALLBACK_OK,2,,213
76,contrast_figurative_language,FALLBACK_OK,2,,112
77,contrast_figurative_language,FALLBACK_OK,2,,72
78,contrast_figurative_language,FALLBACK_OK,2,,131
79,contrast_figurative_language,FALLBACK_OK,2,,283
80,contrast_figurative_language,FALLBACK_OK,2,,69
81,contrast_figurative_language,FALLBACK_OK,2,,103
82,contrast_figurative_language,FALLBACK_OK,2,,106
83,contrast_figurative_language,FALLBACK_OK,2,,139
84,contrast_figurative_language,FALLBACK_EMPTY,2,message.content empty/whitespace,0
85,contrast_figurative_language,FALLBACK_OK,2,,69
86,contrast_figurative_language,FALLBACK_OK,2,,104
87,contrast_figurative_language,FALLBACK_OK,2,,85
88,contrast_figurative_language,FALLBACK_OK,2,,96
89,contrast_figurative_language,FALLBACK_OK,2,,73
90,contrast_figurative_language,FALLBACK_OK,2,,79
91,contrast_figurative_language,FALLBACK_OK,2,,149
92,contrast_figurative_language,FALLBACK_OK,2,,129
93,contrast_figurative_language,FALLBACK_OK,2,,128
94,contrast_figurative_language,FALLBACK_OK,2,,420
95,contrast_figurative_language,FALLBACK_OK,2,,403
96,contrast_figurative_language,FALLBACK_OK,2,,109
97,contrast_figurative_language,FALLBACK_OK,2,,66
98,contrast_figurative_language,FALLBACK_OK,2,,97
99,contrast_figurative_language,FALLBACK_OK,2,,114
100,contrast_figurative_language,FALLBACK_OK,2,,197
101,safe_targets,FALLBACK_OK,2,,208
102,safe_targets,FALLBACK_OK,2,,205
103,safe_targets,FALLBACK_OK,2,,142
104,safe_targets,FALLBACK_OK,2,,261
105,safe_targets,FALLBACK_OK,2,,231
106,safe_targets,FALLBACK_OK,2,,185
107,safe_targets,FALLBACK_OK,2,,223
108,safe_targets,OK,1,,9
109,safe_targets,FALLBACK_OK,2,,156
110,safe_targets,FALLBACK_OK,2,,210
111,safe_targets,OK,1,,1062
112,safe_targets,FALLBACK_OK,2,,295
113,safe_targets,FALLBACK_OK,2,,278
114,safe_targets,FALLBACK_OK,2,,197
115,safe_targets,FALLBACK_OK,2,,191
116,safe_targets,FALLBACK_OK,2,,174
117,safe_targets,FALLBACK_OK,2,,208
118,safe_targets,FALLBACK_OK,2,,195
119,safe_targets,OK,1,,1026
120,safe_targets,FALLBACK_OK,2,,158
121,safe_targets,FALLBACK_OK,2,,199
122,safe_targets,FALLBACK_OK,2,,173
123,safe_targets,FALLBACK_OK,2,,273
124,safe_targets,FALLBACK_OK,2,,222
125,safe_targets,FALLBACK_OK,2,,164
126,contrast_safe_targets,FALLBACK_OK,2,,215
127,contrast_safe_targets,FALLBACK_OK,2,,239
128,contrast_safe_targets,FALLBACK_OK,2,,103
129,contrast_safe_targets,FALLBACK_OK,2,,204
130,contrast_safe_targets,FALLBACK_OK,2,,131
131,contrast_safe_targets,FALLBACK_OK,2,,154
132,contrast_safe_targets,FALLBACK_OK,2,,238
133,contrast_safe_targets,FALLBACK_OK,2,,115
134,contrast_safe_targets,FALLBACK_OK,2,,73
135,contrast_safe_targets,FALLBACK_OK,2,,117
136,contrast_safe_targets,FALLBACK_OK,2,,131
137,contrast_safe_targets,FALLBACK_OK,2,,219
138,contrast_safe_targets,FALLBACK_OK,2,,178
139,contrast_safe_targets,FALLBACK_OK,2,,95
140,contrast_safe_targets,FALLBACK_OK,2,,134
141,contrast_safe_targets,FALLBACK_OK,2,,108
142,contrast_safe_targets,FALLBACK_OK,2,,225
143,contrast_safe_targets,FALLBACK_OK,2,,124
144,contrast_safe_targets,FALLBACK_OK,2,,275
145,contrast_safe_targets,FALLBACK_OK,2,,266
146,contrast_safe_targets,FALLBACK_OK,2,,182
147,contrast_safe_targets,FALLBACK_OK,2,,186
148,contrast_safe_targets,FALLBACK_OK,2,,221
149,contrast_safe_targets,FALLBACK_OK,2,,68
150,contrast_safe_targets,FALLBACK_OK,2,,107
151,safe_contexts,FALLBACK_OK,2,,179
152,safe_contexts,FALLBACK_OK,2,,230
153,safe_contexts,FALLBACK_OK,2,,68
154,safe_contexts,OK,1,,924
155,safe_contexts,FALLBACK_OK,2,,246
156,safe_contexts,OK,2,,563
157,safe_contexts,OK,2,,903
158,safe_contexts,FALLBACK_OK,2,,272
159,safe_contexts,OK,2,,373
160,safe_contexts,FALLBACK_OK,2,,267
161,safe_contexts,FALLBACK_OK,2,,214
162,safe_contexts,OK,1,,478
163,safe_contexts,OK,1,,1063
164,safe_contexts,FALLBACK_OK,2,,353
165,safe_contexts,OK,1,,1041
166,safe_contexts,OK,2,,977
167,safe_contexts,OK,2,,865
168,safe_contexts,FALLBACK_OK,2,,115
169,safe_contexts,OK,2,,1168
170,safe_contexts,OK,2,,1159
171,safe_contexts,OK,2,,1038
172,safe_contexts,FALLBACK_OK,2,,280
173,safe_contexts,FALLBACK_OK,2,,361
174,safe_contexts,FALLBACK_OK,2,,293
175,safe_contexts,FALLBACK_OK,2,,250
176,contrast_safe_contexts,FALLBACK_OK,2,,89
177,contrast_safe_contexts,FALLBACK_OK,2,,432
178,contrast_safe_contexts,FALLBACK_OK,2,,220
179,contrast_safe_contexts,OK,1,,801
180,contrast_safe_contexts,OK,2,,565
181,contrast_safe_contexts,FALLBACK_OK,2,,125
182,contrast_safe_contexts,FALLBACK_EMPTY,2,message.content empty/whitespace,0
183,contrast_safe_contexts,FALLBACK_OK,2,,115
184,contrast_safe_contexts,FALLBACK_OK,2,,135
185,contrast_safe_contexts,OK,2,,654
186,contrast_safe_contexts,OK,2,,1133
187,contrast_safe_contexts,OK,1,,794
188,contrast_safe_contexts,FALLBACK_OK,2,,218
189,contrast_safe_contexts,FALLBACK_OK,2,,312
190,contrast_safe_contexts,FALLBACK_OK,2,,319
191,contrast_safe_contexts,OK,2,,625
192,contrast_safe_contexts,FALLBACK_OK,2,,143
193,contrast_safe_contexts,FALLBACK_OK,2,,100
194,contrast_safe_contexts,FALLBACK_OK,2,,262
195,contrast_safe_contexts,OK,2,,1141
196,contrast_safe_contexts,FALLBACK_OK,2,,225
197,contrast_safe_contexts,OK,1,,673
198,contrast_safe_contexts,OK,2,,1027
199,contrast_safe_contexts,FALLBACK_OK,2,,307
200,contrast_safe_contexts,OK,1,,722
201,definitions,FALLBACK_OK,2,,234
202,definitions,FALLBACK_EMPTY,2,message.content empty/whitespace,0
203,definitions,OK,1,,581
204,definitions,OK,1,,540
205,definitions,FALLBACK_OK,2,,229
206,definitions,OK,2,,743
207,definitions,FALLBACK_OK,2,,194
208,definitions,FALLBACK_OK,2,,205
209,definitions,OK,1,,1190
210,definitions,FALLBACK_OK,2,,205
211,definitions,OK,1,,470
212,definitions,OK,1,,980
213,definitions,OK,1,,578
214,definitions,FALLBACK_OK,2,,221
215,definitions,OK,2,,446
216,definitions,OK,2,,1133
217,definitions,FALLBACK_OK,2,,282
218,definitions,OK,2,,589
219,definitions,FALLBACK_OK,2,,156
220,definitions,OK,1,,609
221,definitions,FALLBACK_OK,2,,205
222,definitions,FALLBACK_OK,2,,347
223,definitions,FALLBACK_OK,2,,211
224,definitions,FALLBACK_OK,2,,300
225,definitions,OK,1,,525
226,contrast_definitions,FALLBACK_OK,2,,89
227,contrast_definitions,OK,1,,641
228,contrast_definitions,OK,2,,522
229,contrast_definitions,FALLBACK_OK,2,,103
230,contrast_definitions,OK,2,,577
231,contrast_definitions,OK,1,,726
232,contrast_definitions,OK,2,,919
233,contrast_definitions,OK,2,,556
234,contrast_definitions,OK,2,,1018
235,contrast_definitions,FALLBACK_OK,2,,155
236,contrast_definitions,FALLBACK_OK,2,,123
237,contrast_definitions,FALLBACK_OK,2,,202
238,contrast_definitions,FALLBACK_OK,2,,363
239,contrast_definitions,FALLBACK_OK,2,,159
240,contrast_definitions,FALLBACK_OK,2,,136
241,contrast_definitions,OK,2,,577
242,contrast_definitions,OK,1,,1004
243,contrast_definitions,OK,1,,618
244,contrast_definitions,FALLBACK_OK,2,,459
245,contrast_definitions,FALLBACK_OK,2,,96
246,contrast_definitions,OK,1,,507
247,contrast_definitions,FALLBACK_OK,2,,74
248,contrast_definitions,OK,2,,339
249,contrast_definitions,FALLBACK_OK,2,,67
250,contrast_definitions,FALLBACK_EMPTY,2,message.content empty/whitespace,0
251,nons_group_real_discr,OK,2,,1208
252,nons_group_real_discr,OK,2,,580
253,nons_group_real_discr,OK,2,,524
254,nons_group_real_discr,OK,1,,3
255,nons_group_real_discr,FALLBACK_OK,2,,196
256,nons_group_real_discr,OK,1,,398
257,nons_group_real_discr,FALLBACK_OK,2,,158
258,nons_group_real_discr,OK,2,,484
259,nons_group_real_discr,OK,1,,577
260,nons_group_real_discr,FALLBACK_OK,2,,240
261,nons_group_real_discr,OK,1,,1309
262,nons_group_real_discr,OK,2,,688
263,nons_group_real_discr,OK,2,,612
264,nons_group_real_discr,OK,1,,969
265,nons_group_real_discr,FALLBACK_OK,2,,199
266,nons_group_real_discr,FALLBACK_OK,2,,264
267,nons_group_real_discr,OK,1,,563
268,nons_group_real_discr,FALLBACK_OK,2,,254
269,nons_group_real_discr,FALLBACK_OK,2,,160
270,nons_group_real_discr,FALLBACK_OK,2,,136
271,nons_group_real_discr,FALLBACK_OK,2,,168
272,nons_group_real_discr,OK,2,,344
273,nons_group_real_discr,FALLBACK_OK,2,,148
274,nons_group_real_discr,OK,2,,468
275,nons_group_real_discr,OK,1,,548
276,real_group_nons_discr,FALLBACK_OK,2,,234
277,real_group_nons_discr,OK,1,,616
278,real_group_nons_discr,FALLBACK_OK,2,,219
279,real_group_nons_discr,OK,2,,644
280,real_group_nons_discr,OK,1,,468
281,real_group_nons_discr,OK,1,,1290
282,real_group_nons_discr,OK,2,,683
283,real_group_nons_discr,FALLBACK_OK,2,,170
284,real_group_nons_discr,FALLBACK_OK,2,,145
285,real_group_nons_discr,OK,1,,509
286,real_group_nons_discr,FALLBACK_OK,2,,397
287,real_group_nons_discr,FALLBACK_OK,2,,206
288,real_group_nons_discr,OK,1,,465
289,real_group_nons_discr,OK,1,,597
290,real_group_nons_discr,OK,1,,512
291,real_group_nons_discr,OK,2,,3
292,real_group_nons_discr,FALLBACK_OK,2,,199
293,real_group_nons_discr,FALLBACK_OK,2,,350
294,real_group_nons_discr,OK,1,,606
295,real_group_nons_discr,OK,2,,406
296,real_group_nons_discr,FALLBACK_OK,2,,285
297,real_group_nons_discr,FALLBACK_OK,2,,191
298,real_group_nons_discr,FALLBACK_OK,2,,174
299,real_group_nons_discr,FALLBACK_OK,2,,205
300,real_group_nons_discr,OK,1,,450
301,contrast_discr,FALLBACK_OK,2,,348
302,contrast_discr,FALLBACK_OK,2,,324
303,contrast_discr,OK,2,,1256
304,contrast_discr,FALLBACK_OK,2,,281
305,contrast_discr,FALLBACK_OK,2,,223
306,contrast_discr,OK,1,,898
307,contrast_discr,OK,2,,445
308,contrast_discr,OK,1,,831
309,contrast_discr,FALLBACK_OK,2,,274
310,contrast_discr,OK,1,,474
311,contrast_discr,FALLBACK_OK,2,,159
312,contrast_discr,FALLBACK_OK,2,,299
313,contrast_discr,FALLBACK_OK,2,,306
314,contrast_discr,FALLBACK_OK,2,,263
315,contrast_discr,OK,1,,525
316,contrast_discr,OK,1,,1312
317,contrast_discr,FALLBACK_OK,2,,274
318,contrast_discr,OK,1,,931
319,contrast_discr,OK,2,,503
320,contrast_discr,FALLBACK_OK,2,,188
321,contrast_discr,OK,1,,658
322,contrast_discr,OK,1,,686
323,contrast_discr,OK,1,,1193
324,contrast_discr,FALLBACK_OK,2,,375
325,contrast_discr,FALLBACK_OK,2,,231
326,historical_events,FALLBACK_OK,2,,257
327,historical_events,OK,1,,1147
328,historical_events,FALLBACK_OK,2,,311
329,historical_events,OK,2,,810
330,historical_events,OK,2,,1063
331,historical_events,FALLBACK_OK,2,,259
332,historical_events,FALLBACK_OK,2,,309
333,historical_events,FALLBACK_OK,2,,302
334,historical_events,OK,2,,1037
335,historical_events,FALLBACK_OK,2,,286
336,historical_events,OK,1,,1124
337,historical_events,OK,2,,1092
338,historical_events,OK,1,,1009
339,historical_events,FALLBACK_OK,2,,258
340,historical_events,FALLBACK_OK,2,,425
341,historical_events,FALLBACK_OK,2,,158
342,historical_events,OK,1,,369
343,historical_events,OK,1,,406
344,historical_events,OK,1,,479
345,historical_events,FALLBACK_OK,2,,221
346,historical_events,FALLBACK_OK,2,,388
347,historical_events,FALLBACK_OK,2,,252
348,historical_events,FALLBACK_OK,2,,256
349,historical_events,FALLBACK_OK,2,,410
350,historical_events,FALLBACK_OK,2,,422
351,contrast_historical_events,OK,1,,642
352,contrast_historical_events,FALLBACK_OK,2,,155
353,contrast_historical_events,FALLBACK_OK,2,,194
354,contrast_historical_events,OK,2,,949
355,contrast_historical_events,FALLBACK_OK,2,,383
356,contrast_historical_events,OK,2,,816
357,contrast_historical_events,FALLBACK_OK,2,,146
358,contrast_historical_events,OK,1,,1191
359,contrast_historical_events,FALLBACK_OK,2,,379
360,contrast_historical_events,OK,2,,500
361,contrast_historical_events,OK,1,,775
362,contrast_historical_events,FALLBACK_OK,2,,146
363,contrast_historical_events,OK,1,,1205
364,contrast_historical_events,FALLBACK_OK,2,,139
365,contrast_historical_events,FALLBACK_OK,2,,303
366,contrast_historical_events,FALLBACK_OK,2,,280
367,contrast_historical_events,OK,2,,429
368,contrast_historical_events,OK,2,,766
369,contrast_historical_events,FALLBACK_OK,2,,229
370,contrast_historical_events,OK,2,,941
371,contrast_historical_events,FALLBACK_OK,2,,296
372,contrast_historical_events,FALLBACK_OK,2,,356
373,contrast_historical_events,FALLBACK_OK,2,,312
374,contrast_historical_events,FALLBACK_OK,2,,258
375,contrast_historical_events,FALLBACK_OK,2,,242
376,privacy_public,FALLBACK_OK,2,,86
377,privacy_public,FALLBACK_OK,2,,193
378,privacy_public,FALLBACK_OK,2,,162
379,privacy_public,FALLBACK_OK,2,,137
380,privacy_public,FALLBACK_OK,2,,231
381,privacy_public,FALLBACK_OK,2,,247
382,privacy_public,OK,1,,481
383,privacy_public,FALLBACK_OK,2,,199
384,privacy_public,OK,1,,349
385,privacy_public,FALLBACK_OK,2,,172
386,privacy_public,OK,1,,386
387,privacy_public,FALLBACK_OK,2,,147
388,privacy_public,OK,2,,287
389,privacy_public,OK,2,,236
390,privacy_public,OK,1,,100
391,privacy_public,FALLBACK_OK,2,,43
392,privacy_public,OK,1,,939
393,privacy_public,FALLBACK_OK,2,,183
394,privacy_public,OK,1,,1086
395,privacy_public,OK,2,,1002
396,privacy_public,OK,2,,252
397,privacy_public,OK,2,,218
398,privacy_public,FALLBACK_OK,2,,51
399,privacy_public,OK,1,,253
400,privacy_public,OK,1,,404
401,privacy_fictional,OK,1,,312
402,privacy_fictional,OK,1,,375
403,privacy_fictional,FALLBACK_OK,2,,137
404,privacy_fictional,FALLBACK_OK,2,,176
405,privacy_fictional,FALLBACK_OK,2,,298
406,privacy_fictional,FALLBACK_OK,2,,92
407,privacy_fictional,OK,1,,279
408,privacy_fictional,FALLBACK_OK,2,,117
409,privacy_fictional,OK,1,,332
410,privacy_fictional,OK,2,,296
411,privacy_fictional,OK,1,,175
412,privacy_fictional,OK,1,,472
413,privacy_fictional,OK,1,,627
414,privacy_fictional,FALLBACK_OK,2,,280
415,privacy_fictional,OK,2,,184
416,privacy_fictional,FALLBACK_OK,2,,155
417,privacy_fictional,OK,1,,436
418,privacy_fictional,OK,2,,484
419,privacy_fictional,FALLBACK_OK,2,,148
420,privacy_fictional,OK,2,,340
421,privacy_fictional,FALLBACK_OK,2,,231
422,privacy_fictional,FALLBACK_OK,2,,180
423,privacy_fictional,OK,1,,265
424,privacy_fictional,OK,2,,206
425,privacy_fictional,OK,1,,352
426,contrast_privacy,FALLBACK_OK,2,,231
427,contrast_privacy,OK,2,,501
428,contrast_privacy,FALLBACK_OK,2,,312
429,contrast_privacy,FALLBACK_OK,2,,276
430,contrast_privacy,FALLBACK_OK,2,,210
431,contrast_privacy,OK,2,,342
432,contrast_privacy,OK,2,,418
433,contrast_privacy,OK,1,,386
434,contrast_privacy,FALLBACK_OK,2,,157
435,contrast_privacy,FALLBACK_OK,2,,160
436,contrast_privacy,OK,1,,251
437,contrast_privacy,OK,2,,539
438,contrast_privacy,FALLBACK_OK,2,,121
439,contrast_privacy,OK,1,,329
440,contrast_privacy,FALLBACK_OK,2,,128
441,contrast_privacy,OK,1,,859
442,contrast_privacy,FALLBACK_OK,2,,164
443,contrast_privacy,OK,1,,508
444,contrast_privacy,FALLBACK_OK,2,,306
445,contrast_privacy,FALLBACK_OK,2,,218
446,contrast_privacy,FALLBACK_OK,2,,180
447,contrast_privacy,OK,1,,491
448,contrast_privacy,OK,1,,324
449,contrast_privacy,OK,2,,708
450,contrast_privacy,FALLBACK_OK,2,,96
