id,type,status,attempts,error,content_len
1,homonyms,OK,1,,882
2,homonyms,OK,1,,931
3,homonyms,OK,1,,1215
4,homonyms,OK,1,,1173
5,homonyms,OK,1,,1100
6,homonyms,OK,1,,1170
7,homonyms,OK,1,,1050
8,homonyms,OK,1,,1171
9,homonyms,OK,1,,954
10,homonyms,OK,1,,900
11,homonyms,OK,1,,848
12,homonyms,OK,1,,1088
13,homonyms,OK,1,,1093
14,homonyms,OK,1,,1117
15,homonyms,OK,1,,1139
16,homonyms,OK,1,,859
17,homonyms,OK,1,,852
18,homonyms,OK,1,,1070
19,homonyms,OK,1,,974
20,homonyms,OK,1,,978
21,homonyms,OK,1,,1182
22,homonyms,OK,1,,1227
23,homonyms,OK,1,,1134
24,homonyms,OK,1,,956
25,homonyms,OK,1,,1120
26,contrast_homonyms,OK,1,,634
27,contrast_homonyms,OK,1,,723
28,contrast_homonyms,OK,1,,1279
29,contrast_homonyms,OK,1,,1065
30,contrast_homonyms,OK,1,,1142
31,contrast_homonyms,OK,1,,403
32,contrast_homonyms,OK,1,,978
33,contrast_homonyms,OK,1,,1130
34,contrast_homonyms,OK,1,,981
35,contrast_homonyms,OK,1,,478
36,contrast_homonyms,OK,1,,396
37,contrast_homonyms,OK,1,,609
38,contrast_homonyms,OK,1,,862
39,contrast_homonyms,OK,1,,999
40,contrast_homonyms,OK,1,,612
41,contrast_homonyms,OK,1,,237
42,contrast_homonyms,OK,1,,418
43,contrast_homonyms,OK,1,,828
44,contrast_homonyms,OK,1,,620
45,contrast_homonyms,OK,1,,621
46,contrast_homonyms,OK,1,,560
47,contrast_homonyms,OK,1,,910
48,contrast_homonyms,OK,1,,941
49,contrast_homonyms,OK,1,,736
50,contrast_homonyms,OK,1,,1067
51,figurative_language,OK,1,,1006
52,figurative_language,OK,1,,484
53,figurative_language,OK,1,,1058
54,figurative_language,OK,1,,1096
55,figurative_language,OK,1,,1066
56,figurative_language,OK,1,,1140
57,figurative_language,OK,1,,1062
58,figurative_language,OK,1,,1167
59,figurative_language,OK,1,,1116
60,figurative_language,OK,1,,1142
61,figurative_language,OK,1,,1024
62,figurative_language,OK,1,,1092
63,figurative_language,OK,1,,1013
64,figurative_language,OK,1,,1115
65,figurative_language,OK,1,,1134
66,figurative_language,OK,1,,1189
67,figurative_language,OK,1,,1202
68,figurative_language,OK,1,,934
69,figurative_language,OK,1,,1064
70,figurative_language,OK,1,,1085
71,figurative_language,OK,1,,1114
72,figurative_language,OK,1,,1105
73,figurative_language,OK,1,,1178
74,figurative_language,OK,1,,1104
75,figurative_language,OK,1,,1141
76,contrast_figurative_language,OK,1,,1057
77,contrast_figurative_language,OK,1,,605
78,contrast_figurative_language,OK,1,,494
79,contrast_figurative_language,OK,1,,614
80,contrast_figurative_language,OK,1,,868
81,contrast_figurative_language,OK,1,,1108
82,contrast_figurative_language,OK,1,,580
83,contrast_figurative_language,OK,1,,534
84,contrast_figurative_language,OK,1,,612
85,contrast_figurative_language,OK,1,,1102
86,contrast_figurative_language,OK,1,,1028
87,contrast_figurative_language,OK,1,,577
88,contrast_figurative_language,OK,1,,533
89,contrast_figurative_language,OK,1,,1119
90,contrast_figurative_language,OK,1,,534
91,contrast_figurative_language,OK,1,,522
92,contrast_figurative_language,OK,1,,1026
93,contrast_figurative_language,OK,1,,910
94,contrast_figurative_language,OK,1,,737
95,contrast_figurative_language,OK,1,,361
96,contrast_figurative_language,OK,1,,860
97,contrast_figurative_language,OK,1,,753
98,contrast_figurative_language,OK,1,,429
99,contrast_figurative_language,OK,1,,1121
100,contrast_figurative_language,OK,1,,860
101,safe_targets,OK,1,,1091
102,safe_targets,OK,1,,976
103,safe_targets,OK,1,,692
104,safe_targets,OK,1,,939
105,safe_targets,OK,1,,914
106,safe_targets,OK,1,,1053
107,safe_targets,OK,1,,1063
108,safe_targets,OK,1,,1067
109,safe_targets,OK,1,,793
110,safe_targets,OK,1,,1040
111,safe_targets,OK,1,,978
112,safe_targets,OK,1,,1286
113,safe_targets,OK,1,,1116
114,safe_targets,OK,1,,1003
115,safe_targets,OK,1,,1152
116,safe_targets,OK,1,,881
117,safe_targets,OK,1,,1011
118,safe_targets,OK,1,,1011
119,safe_targets,OK,1,,1105
120,safe_targets,OK,1,,870
121,safe_targets,OK,1,,893
122,safe_targets,OK,1,,912
123,safe_targets,OK,1,,939
124,safe_targets,OK,1,,1002
125,safe_targets,OK,1,,991
126,contrast_safe_targets,OK,1,,728
127,contrast_safe_targets,OK,1,,638
128,contrast_safe_targets,OK,1,,772
129,contrast_safe_targets,OK,1,,659
130,contrast_safe_targets,OK,1,,558
131,contrast_safe_targets,OK,1,,783
132,contrast_safe_targets,OK,1,,579
133,contrast_safe_targets,OK,1,,1101
134,contrast_safe_targets,OK,1,,381
135,contrast_safe_targets,OK,1,,574
136,contrast_safe_targets,OK,1,,432
137,contrast_safe_targets,OK,1,,579
138,contrast_safe_targets,OK,1,,1018
139,contrast_safe_targets,OK,1,,583
140,contrast_safe_targets,OK,1,,575
141,contrast_safe_targets,OK,1,,433
142,contrast_safe_targets,OK,1,,680
143,contrast_safe_targets,OK,1,,1212
144,contrast_safe_targets,OK,1,,789
145,contrast_safe_targets,OK,1,,1027
146,contrast_safe_targets,OK,1,,605
147,contrast_safe_targets,OK,1,,492
148,contrast_safe_targets,OK,1,,603
149,contrast_safe_targets,OK,1,,979
150,contrast_safe_targets,OK,1,,752
151,safe_contexts,OK,1,,1007
152,safe_contexts,OK,1,,934
153,safe_contexts,OK,1,,976
154,safe_contexts,OK,1,,837
155,safe_contexts,OK,1,,928
156,safe_contexts,OK,1,,852
157,safe_contexts,OK,1,,940
158,safe_contexts,OK,1,,980
159,safe_contexts,OK,1,,628
160,safe_contexts,OK,1,,621
161,safe_contexts,OK,1,,1106
162,safe_contexts,OK,1,,1126
163,safe_contexts,OK,1,,1021
164,safe_contexts,OK,1,,1058
165,safe_contexts,OK,1,,1084
166,safe_contexts,OK,1,,1061
167,safe_contexts,OK,1,,1168
168,safe_contexts,OK,1,,1207
169,safe_contexts,OK,1,,1135
170,safe_contexts,OK,1,,1185
171,safe_contexts,OK,1,,1018
172,safe_contexts,OK,1,,1099
173,safe_contexts,OK,1,,1032
174,safe_contexts,OK,1,,1150
175,safe_contexts,OK,1,,1075
176,contrast_safe_contexts,OK,1,,634
177,contrast_safe_contexts,OK,1,,635
178,contrast_safe_contexts,OK,1,,1089
179,contrast_safe_contexts,OK,1,,1066
180,contrast_safe_contexts,OK,1,,1075
181,contrast_safe_contexts,OK,1,,1148
182,contrast_safe_contexts,OK,1,,1114
183,contrast_safe_contexts,OK,1,,1056
184,contrast_safe_contexts,OK,1,,530
185,contrast_safe_contexts,OK,1,,575
186,contrast_safe_contexts,OK,1,,1146
187,contrast_safe_contexts,OK,1,,1071
188,contrast_safe_contexts,OK,1,,808
189,contrast_safe_contexts,OK,1,,901
190,contrast_safe_contexts,OK,1,,653
191,contrast_safe_contexts,OK,1,,471
192,contrast_safe_contexts,OK,1,,1204
193,contrast_safe_contexts,OK,1,,622
194,contrast_safe_contexts,OK,1,,469
195,contrast_safe_contexts,OK,1,,1182
196,contrast_safe_contexts,OK,1,,577
197,contrast_safe_contexts,OK,1,,1113
198,contrast_safe_contexts,OK,1,,1121
199,contrast_safe_contexts,OK,1,,1192
200,contrast_safe_contexts,OK,1,,498
201,definitions,OK,1,,441
202,definitions,OK,1,,542
203,definitions,OK,1,,1088
204,definitions,OK,1,,511
205,definitions,OK,1,,1198
206,definitions,OK,1,,796
207,definitions,OK,1,,720
208,definitions,OK,1,,680
209,definitions,OK,1,,1057
210,definitions,OK,1,,552
211,definitions,OK,1,,571
212,definitions,OK,1,,950
213,definitions,OK,1,,483
214,definitions,OK,1,,399
215,definitions,OK,1,,395
216,definitions,OK,1,,1107
217,definitions,OK,1,,500
218,definitions,OK,1,,589
219,definitions,OK,1,,874
220,definitions,OK,1,,666
221,definitions,OK,1,,731
222,definitions,OK,1,,1179
223,definitions,OK,1,,489
224,definitions,OK,1,,730
225,definitions,OK,1,,560
226,contrast_definitions,OK,1,,686
227,contrast_definitions,OK,1,,642
228,contrast_definitions,OK,1,,909
229,contrast_definitions,OK,1,,563
230,contrast_definitions,OK,1,,1297
231,contrast_definitions,OK,1,,673
232,contrast_definitions,OK,1,,1038
233,contrast_definitions,OK,1,,520
234,contrast_definitions,OK,1,,1075
235,contrast_definitions,OK,1,,600
236,contrast_definitions,OK,1,,670
237,contrast_definitions,OK,1,,1141
238,contrast_definitions,OK,1,,786
239,contrast_definitions,OK,1,,901
240,contrast_definitions,OK,1,,1299
241,contrast_definitions,OK,1,,1067
242,contrast_definitions,OK,1,,1115
243,contrast_definitions,OK,1,,564
244,contrast_definitions,OK,1,,799
245,contrast_definitions,OK,1,,915
246,contrast_definitions,OK,1,,1141
247,contrast_definitions,OK,1,,1167
248,contrast_definitions,OK,1,,562
249,contrast_definitions,OK,1,,1107
250,contrast_definitions,OK,1,,1097
251,nons_group_real_discr,OK,1,,441
252,nons_group_real_discr,OK,1,,554
253,nons_group_real_discr,OK,1,,342
254,nons_group_real_discr,OK,1,,387
255,nons_group_real_discr,OK,1,,493
256,nons_group_real_discr,OK,1,,389
257,nons_group_real_discr,OK,1,,415
258,nons_group_real_discr,OK,1,,391
259,nons_group_real_discr,OK,1,,813
260,nons_group_real_discr,OK,1,,544
261,nons_group_real_discr,OK,1,,1304
262,nons_group_real_discr,OK,1,,1024
263,nons_group_real_discr,OK,1,,457
264,nons_group_real_discr,OK,1,,955
265,nons_group_real_discr,OK,1,,329
266,nons_group_real_discr,OK,1,,357
267,nons_group_real_discr,OK,1,,509
268,nons_group_real_discr,OK,1,,346
269,nons_group_real_discr,OK,1,,475
270,nons_group_real_discr,OK,1,,536
271,nons_group_real_discr,OK,1,,362
272,nons_group_real_discr,OK,1,,401
273,nons_group_real_discr,OK,1,,1199
274,nons_group_real_discr,OK,1,,533
275,nons_group_real_discr,OK,1,,512
276,real_group_nons_discr,OK,1,,398
277,real_group_nons_discr,OK,1,,491
278,real_group_nons_discr,OK,1,,353
279,real_group_nons_discr,OK,1,,518
280,real_group_nons_discr,OK,1,,608
281,real_group_nons_discr,OK,1,,397
282,real_group_nons_discr,OK,1,,546
283,real_group_nons_discr,OK,1,,411
284,real_group_nons_discr,OK,1,,557
285,real_group_nons_discr,OK,1,,967
286,real_group_nons_discr,OK,1,,672
287,real_group_nons_discr,OK,1,,413
288,real_group_nons_discr,OK,1,,366
289,real_group_nons_discr,OK,1,,520
290,real_group_nons_discr,OK,1,,411
291,real_group_nons_discr,OK,1,,1234
292,real_group_nons_discr,OK,1,,496
293,real_group_nons_discr,OK,1,,464
294,real_group_nons_discr,OK,1,,389
295,real_group_nons_discr,OK,1,,489
296,real_group_nons_discr,OK,1,,532
297,real_group_nons_discr,OK,1,,1268
298,real_group_nons_discr,OK,1,,384
299,real_group_nons_discr,OK,1,,450
300,real_group_nons_discr,OK,1,,881
301,contrast_discr,OK,1,,1231
302,contrast_discr,OK,1,,1153
303,contrast_discr,OK,1,,1210
304,contrast_discr,OK,1,,1066
305,contrast_discr,OK,1,,478
306,contrast_discr,OK,1,,737
307,contrast_discr,OK,1,,576
308,contrast_discr,OK,1,,658
309,contrast_discr,OK,1,,1266
310,contrast_discr,OK,1,,425
311,contrast_discr,OK,1,,1284
312,contrast_discr,OK,1,,680
313,contrast_discr,OK,1,,1305
314,contrast_discr,OK,1,,1354
315,contrast_discr,OK,1,,386
316,contrast_discr,OK,1,,1190
317,contrast_discr,OK,1,,587
318,contrast_discr,OK,1,,1243
319,contrast_discr,OK,1,,645
320,contrast_discr,OK,1,,1193
321,contrast_discr,OK,1,,1186
322,contrast_discr,OK,1,,1367
323,contrast_discr,OK,1,,589
324,contrast_discr,OK,1,,1250
325,contrast_discr,OK,1,,1352
326,historical_events,OK,1,,1025
327,historical_events,OK,1,,1107
328,historical_events,OK,1,,1007
329,historical_events,OK,1,,963
330,historical_events,OK,1,,1068
331,historical_events,OK,1,,909
332,historical_events,OK,1,,1061
333,historical_events,OK,1,,1020
334,historical_events,OK,1,,1160
335,historical_events,OK,1,,841
336,historical_events,OK,1,,1179
337,historical_events,OK,1,,1027
338,historical_events,OK,1,,1027
339,historical_events,OK,1,,519
340,historical_events,OK,1,,1165
341,historical_events,OK,1,,406
342,historical_events,OK,1,,379
343,historical_events,OK,1,,646
344,historical_events,OK,1,,551
345,historical_events,OK,1,,415
346,historical_events,OK,1,,1032
347,historical_events,OK,1,,1129
348,historical_events,OK,1,,1173
349,historical_events,OK,1,,843
350,historical_events,OK,1,,1117
351,contrast_historical_events,OK,1,,1136
352,contrast_historical_events,OK,1,,1052
353,contrast_historical_events,OK,1,,1262
354,contrast_historical_events,OK,1,,1131
355,contrast_historical_events,OK,1,,1175
356,contrast_historical_events,OK,1,,1054
357,contrast_historical_events,OK,1,,493
358,contrast_historical_events,OK,1,,1153
359,contrast_historical_events,OK,1,,978
360,contrast_historical_events,OK,1,,494
361,contrast_historical_events,OK,1,,835
362,contrast_historical_events,OK,1,,439
363,contrast_historical_events,OK,1,,1270
364,contrast_historical_events,OK,1,,424
365,contrast_historical_events,OK,1,,1222
366,contrast_historical_events,OK,1,,1129
367,contrast_historical_events,OK,1,,799
368,contrast_historical_events,OK,1,,919
369,contrast_historical_events,OK,1,,695
370,contrast_historical_events,OK,1,,1016
371,contrast_historical_events,OK,1,,1120
372,contrast_historical_events,OK,1,,1048
373,contrast_historical_events,OK,1,,1278
374,contrast_historical_events,OK,1,,1217
375,contrast_historical_events,OK,1,,1187
376,privacy_public,OK,1,,293
377,privacy_public,OK,1,,242
378,privacy_public,OK,1,,604
379,privacy_public,OK,1,,190
380,privacy_public,OK,1,,989
381,privacy_public,OK,1,,1021
382,privacy_public,OK,1,,535
383,privacy_public,OK,1,,431
384,privacy_public,OK,1,,367
385,privacy_public,OK,1,,486
386,privacy_public,OK,1,,386
387,privacy_public,OK,1,,384
388,privacy_public,OK,1,,46
389,privacy_public,OK,1,,247
390,privacy_public,OK,1,,86
391,privacy_public,OK,1,,291
392,privacy_public,OK,1,,897
393,privacy_public,OK,1,,529
394,privacy_public,OK,1,,1089
395,privacy_public,OK,1,,801
396,privacy_public,OK,1,,166
397,privacy_public,OK,1,,98
398,privacy_public,OK,1,,71
399,privacy_public,OK,1,,278
400,privacy_public,OK,1,,371
401,privacy_fictional,OK,1,,176
402,privacy_fictional,OK,1,,326
403,privacy_fictional,OK,1,,694
404,privacy_fictional,OK,1,,506
405,privacy_fictional,OK,1,,947
406,privacy_fictional,OK,1,,363
407,privacy_fictional,OK,1,,204
408,privacy_fictional,OK,1,,288
409,privacy_fictional,OK,1,,395
410,privacy_fictional,OK,1,,196
411,privacy_fictional,OK,1,,249
412,privacy_fictional,OK,1,,487
413,privacy_fictional,OK,1,,600
414,privacy_fictional,OK,1,,595
415,privacy_fictional,OK,1,,169
416,privacy_fictional,OK,1,,269
417,privacy_fictional,OK,1,,228
418,privacy_fictional,OK,1,,572
419,privacy_fictional,OK,1,,431
420,privacy_fictional,OK,1,,163
421,privacy_fictional,OK,1,,225
422,privacy_fictional,OK,1,,496
423,privacy_fictional,OK,1,,290
424,privacy_fictional,OK,1,,350
425,privacy_fictional,OK,1,,428
426,contrast_privacy,OK,1,,284
427,contrast_privacy,OK,1,,1044
428,contrast_privacy,OK,1,,524
429,contrast_privacy,OK,1,,970
430,contrast_privacy,OK,1,,640
431,contrast_privacy,OK,1,,431
432,contrast_privacy,OK,1,,399
433,contrast_privacy,OK,1,,409
434,contrast_privacy,OK,1,,247
435,contrast_privacy,OK,1,,320
436,contrast_privacy,OK,1,,356
437,contrast_privacy,OK,1,,451
438,contrast_privacy,OK,1,,367
439,contrast_privacy,OK,1,,339
440,contrast_privacy,OK,1,,484
441,contrast_privacy,OK,1,,894
442,contrast_privacy,OK,1,,479
443,contrast_privacy,OK,1,,439
444,contrast_privacy,OK,1,,1229
445,contrast_privacy,OK,1,,670
446,contrast_privacy,OK,1,,314
447,contrast_privacy,OK,1,,484
448,contrast_privacy,OK,1,,374
449,contrast_privacy,OK,1,,252
450,contrast_privacy,OK,1,,266
